name,address,website,image_url,rating,reviews
"Union on San Antonio","2011 San Antonio St, Austin, TX 78705, USA","https://www.uniononsanantonio.com/?switch_cls[id]=67805&utm_source=gmb&utm_medium=organic","https://maps.googleapis.com/maps/api/place/photo?maxwidth=800&photo_reference=ATCDNfUmRTZhPZC2riSvzICZaIxMs3jaQoFBn5MjOX5s9AUMYE82iQHNYiuKUBHy8I_f9Z0kDnh_UAmHNLHK83tTmyOOMl19nGWsS_QEVXeOEPqPQWdtfnivFSL-tJIaywDCY2C0zdsb71tM3prztnmDP-qbm1UWFWYwkRqnetdNXNid2qZWVpHiqOg_20QdJ1eKL3LTfa26SVOeKJyHCptqmqtyY_MC-EvhDIc4TWVCSXfqTucKraAEvgpgZsdWZFYQzhLcLdapi2o-dz22do4NpS84uDFwUovXknVpVTC1m60q3g&key=AIzaSyAHI7D8ecAP25OIrT6YBFUeWSUmNipuewM",4.1,214
"Union on 24th","701 W 24th St, Austin, TX 78705, USA","https://www.unionon24th.com/?switch_cls[id]=67805&utm_source=gmb&utm_medium=organic","https://maps.googleapis.com/maps/api/place/photo?maxwidth=800&photo_reference=ATCDNfXcqfRxdrTeMyv-XmbwaJPC-OI6xF6yXY14bU4VMor0zOkgYQ3UOKmaZgGynK7w7SWnFGx6nzN2FEMrj09Yyk1sDCqAo9MwcKE2s8o-3ITonVSTCCvAsCk0SZ396CQew4G4YBwrU-I5HDhXByS4YJC53Ro-x7xlVgrhtu6-rIQ1kp46xUPusSR3Eqv71QL6WZn3MoG2g8pvx93AhU3wEKyhFdZPAedEXHHe79raZPOwPGuDEI4SP7LmbsGpKdB7_NfdDJNsf-BY1yo6oasl9cfdBiBkCdI2RVC1soMBFQfeRg&key=AIzaSyAHI7D8ecAP25OIrT6YBFUeWSUmNipuewM",4.6,368
"Rise at West Campus","2206 Nueces St, Austin, TX 78705, USA","https://www.riseatwestcampus.com/?utm_source=GBP&utm_medium=organic","https://maps.googleapis.com/maps/api/place/photo?maxwidth=800&photo_reference=ATCDNfVuirgBt4UQaCMyZstXZh2RGVKb5qzzCHTWd-0A5xqvLA0TChWyNvdRVPYCWONNAvl3-oNSRY9vppm3NUlIlyx8x7Ewtt3WW9eQIZgj7ntHaGi0GKy6q99wg14qEyJVHRGybGJbQOkIGDQOvjvDn88z_xZfX4Q8gggB0uo0_I7uFJ9Y6wL2QM4xFNA1XSw5ZCAWRHw5jMC7snVi1effLDdyzW-L0e1Pd3GcnDhcn7BMXnrayG4gBC_-LnG677s1cIWcu2wbulRreShI2-D0dL4DVjLpgy46JEApmp3iMfC0sQ&key=AIzaSyAHI7D8ecAP25OIrT6YBFUeWSUmNipuewM",2.7,125
"Rambler","2513 Seton Ave, Austin, TX 78705, USA","https://www.rambleratx.com/","https://maps.googleapis.com/maps/api/place/photo?maxwidth=800&photo_reference=ATCDNfWgAnJh7shnN0ipl-y79lE526F0P4SpRqcA6nL_XZlA8SAM519_aQtLOcq_1jPNU0Zro-POz39G0ehbDt8OmQz-8TKdmc_oqxYU2KWm_zBbcgoC58-FVDRb3KrjLLEsgqWwf2BWm7KS7IZsNH9DT3E-eXnibP0x6Ivqkh0u69afXwSqB2-qQbiq2xmp3cEXHgS70f1citqOkbMMBrCrG3KbLsyfn4sQRCza3r1JMdaIBC-iU0Lbgo4DwReTE3Ym7sABPSU5psDIbm5PsaQyNQ3k-jKbkkTw7Xx7vwML2YTaVQ&key=AIzaSyAHI7D8ecAP25OIrT6YBFUeWSUmNipuewM",4.3,461
"26 West","600 W 26th St, Austin, TX 78705, USA","https://www.americancampus.com/student-apartments/tx/austin/26-west","https://maps.googleapis.com/maps/api/place/photo?maxwidth=800&photo_reference=ATCDNfXv1T0wSWgyK95Q4WzxGQkhjjCf71xaG5tp3l_OcGVMN-rdN9nw5VF18awFkJ880kOrqUO7NgeaqdqJfNtlBlz-ZklMZipV8XWayl3ru6if68_JSv0dak_EDJWw59UvTWKW4CcSnQLwOb0IHXEkiFNyI0UE3jIfM_6_l7Kqk5Ti-V7hxkGCpq--0-_O26feTUoq2cmlL6R8pJzhBhDjk4a9vWGLH8hWW6ExM4QJFueC54P6PnVcLiZjF9jxsYIY-qa0lt0_60XMH0YILUb8rkD8-n0-HG4GY36LdfK6ZUwzpA&key=AIzaSyAHI7D8ecAP25OIrT6YBFUeWSUmNipuewM",4.3,660
"Moontower","2204 San Antonio St, Austin, TX 78705, USA","https://moontoweratx.com/?utm_source=GoogleMyBusiness&utm_medium=organic&utm_campaign=GMB","https://maps.googleapis.com/maps/api/place/photo?maxwidth=800&photo_reference=ATCDNfWY-7HZ7AcK4S-xdbhb0yhQcaZHV2gJBfgXjx6zsW7LoZEhMBEjUIKWvO7ElFKEse7zw4iNnc73FVzeHmRh0h6PFUz1_xMMYXcX8Q6C0AEgXvjyjLGqw-xE7bzrls9qotBW7B1wcUk8w2xnO-j-btMoNz-eidk4f-SfLY2pj3EDX1FwvR6A6jzgoyFIxe_EdPcIMAe811nOzT8T-_-dH4Df5rSJMgCB1CzC3vq3KT--1nh1MRpmk_0qERk9_YqhvqnmSSMF10IP9wAREjcLzF_0QX6Ibu5kcLGvg-PFcVPjow&key=AIzaSyAHI7D8ecAP25OIrT6YBFUeWSUmNipuewM",3.5,180
"The Standard at Austin","715 W 23rd St, Austin, TX 78705, USA","https://thestandardaustin.com/?utm_source=GoogleMyBusiness&utm_medium=organic&utm_campaign=GMB","https://maps.googleapis.com/maps/api/place/photo?maxwidth=800&photo_reference=ATCDNfU5y4EgrCIP8n2hshAa4l-gxJ6O1z0V9jEYGFQaenpDuyfJiJo2i92zsFwBJ41-JVT4x4svYABT22lT1jOuurv_AXje9xyz8RkI4vDROfk0fbXRfn9zcbWYP2apfwYGURvE6gSLB3K6MYfGEp2KXXm0O6ZvQWzoJ7P_QzrXdQB1kTtg2SZBaAo2nQHbN_xZ5aQlfLw1ndSblk2EthJ64UBL3A2LWrbmwDvaNdxyGtwwD6OJ6ihJolO43CBcS1eQv82GOl2R5pBfd-1jokPobEWompS4wXgHI5FHjVrWTnx0Yg&key=AIzaSyAHI7D8ecAP25OIrT6YBFUeWSUmNipuewM",3.4,447
"Signature 1909","1909 Rio Grande St, Austin, TX 78705, USA","https://www.signature1909.com/?switch_cls[id]=68820","https://maps.googleapis.com/maps/api/place/photo?maxwidth=800&photo_reference=ATCDNfVTqYompUzyjGZO_kpzboiJoGcm3gC7qOgB2rtGgkfKiRBDOY2jXKbCR8_WRSarGoGmCxpKq8AjRZHgy2Atv_SKHCzY839myLHC9LAJ1-96WqFcoQbaI3sZ6alUdzUpS3EJb1cY1FK6ldO3gWyVHhkkHZ1wrR9O9aFxfjrRpjAIAo78uqLV9NmeReuufPKabG1ZXYvad8EQ_yBvRlkls9vNqN8lEGMa5UHac4-wlmS229dMU2k9JPIK93vLvI0kjaxATmhJ8dgZGsuEE_M1VP6_DB0fXvmNjrbVBvk7vU41mQ&key=AIzaSyAHI7D8ecAP25OIrT6YBFUeWSUmNipuewM",2.7,119
"Hilltop","2400 San Gabriel St, Austin, TX 78705, USA","https://www.hilltopatx.com/?switch_cls[id]=67805&utm_source=gmb&utm_medium=organic","https://maps.googleapis.com/maps/api/place/photo?maxwidth=800&photo_reference=ATCDNfXCLWJiKIs1OpASZXUnrLwM7GUOoPFPcvqY5uyBRd5Y-wLI4HhiTDZvOImj7i7zd2ku8jrSnViK5BAS-tJ_QO3FezVlJuzSZ4ImKm0MVqM6iGqSLbhSsBNmoUbsUGWp9hTYEGkQcrDX-_2_Ga-mnPrVWOZZKAVXyN0au8EPV41wRSfNL_3Zh9IX4BuL6cbSTpPPqS-RUVSO4oxzblK62ik8u9Ub4DuZHVdJM13QWpcpY0PcRiHcp5ASr-YGTVFcK8dGfiJBPf7bw2WUzUohi9fsjZkkCv-d5yR2w6XaDVmrsA&key=AIzaSyAHI7D8ecAP25OIrT6YBFUeWSUmNipuewM",4.2,177
"Torre","2020 Nueces St, Austin, TX 78705, USA","https://torreatx.com/","https://maps.googleapis.com/maps/api/place/photo?maxwidth=800&photo_reference=ATCDNfXUxRp3Xc8KeM_3wP-wMSMCO4E9dm6cYNt04dItob3uP7TBiaThjIt3dCXeU3BHbxz5QJRE-Y7__NU6KCsX8gIKO8JFAgyc8xyJHEJaf7fR4TjO4sPduR9Jfxzo3rYexjCvJfwFIvClEe_-CcWHLzRsF2YefYAnM3lec8o8OYoadUnw5xq4rCCbv525efURGa0eeL04cF3vUQzeUsWDokuR-4UQO2pxJr-PC8OsgwbXxQNs-hhDDgG5SgsCpvgFGgfO6aFfkqe8TFJDGogr340nmeiFzdhvdNCLLH-vxcIiCA&key=AIzaSyAHI7D8ecAP25OIrT6YBFUeWSUmNipuewM",4.3,208
"Lark Austin","2100 Nueces St, Austin, TX 78705, USA","https://larkaustin.com/","https://maps.googleapis.com/maps/api/place/photo?maxwidth=800&photo_reference=ATCDNfUmugxja-tpaCH0UWaEvF7CXhRL_lARySOojYRjIsuBKMiP_PljSyYog6x-ilbvpTMqd-Y-cOKhuEYKLmaxP4gn5uCps6ucIMKAuomp4xAVIieWY6E42S3qGEshbKkL_lrIRlsxuPMiXV_PfsZ38LAcOX0nMhaDIhMeLVVDahf1oVMzZr0sn6brMSVzYpA0LjAApoSzeIOwvPfs_6Lc2whKPB6c0lsG6mIwy0E06_c0FgMqfNRuAxFvBBJIUdSebfylZtRu41XYGQmLSS4A4UDWEwshv5XY3Te6CYwKFZQ7DQ&key=AIzaSyAHI7D8ecAP25OIrT6YBFUeWSUmNipuewM",3.7,164
"Villas on Rio","2111 Rio Grande St, Austin, TX 78705, USA","https://villasonrio.com/?utm_source=gmb&utm_medium=organic&utm_campaign=gmb_listing&hyly_channel=pr&hyly_method=w","https://maps.googleapis.com/maps/api/place/photo?maxwidth=800&photo_reference=ATCDNfVAx5OpujMIKXR2Ze2Zy9UwDXEwKzULz6HJ5Y8ct9hVWqkemr6GBqJ--XU6WAsNptcrm5WhBEoCOGKQFyN9tYz3wxYx7htDk4NAqhjyNcL0IjjZJ0-RZ3MPlFlpXnAs5x6gHny3XoOgecwwjy5mvlutY844s6c21y6GO0XslLW4zhUoU-ZqGng8xGNaXrK8J01g8BNKtfEpHqrnS7UP81t2jnyx7FHTU2Innj6Wei8gpRaBHT-dTV7TSATTlYFLhPrOe-Ar4di66MBJ5agyn3sj-ndHQNJGfYZd9etna34I0Q&key=AIzaSyAHI7D8ecAP25OIrT6YBFUeWSUmNipuewM",4.3,423
"Crest at Pearl","706 W Martin Luther King Jr Blvd, Austin, TX 78701, USA","https://www.americancampus.com/student-apartments/tx/austin/crest-at-pearl","https://maps.googleapis.com/maps/api/place/photo?maxwidth=800&photo_reference=ATCDNfUz0POzc0ht-eSxJ3Mb-B7Hs-D1ByZ3D1-FhPuzjJexdAIoyf0DqHniCW_kUOldyv52z3NGJeJcTi7TfGcYkvrMyuWX6B3HyXXh_6n3rcSn8UhbIcjFba5sS5F7-R0tXMdjIiQcO0HM0Ik9hBFmAEcp4YdQ3prVNBUpy9AQGwPwR9pL70nIPyAc4PAIZfemCIn0qYheMGPyWa-jQXoCHLIY4qa-_q6uDF2yCdZ2TmlUpJeyMmsvf5ocx4oKkW3Sm4hW_c1nF30HMYmkmZ-4w5u5PKxMy8XD-zL9lJZALQlsAA&key=AIzaSyAHI7D8ecAP25OIrT6YBFUeWSUmNipuewM",3.4,162
"The Castilian","2323 San Antonio St, Austin, TX 78705, USA","https://www.americancampus.com/student-apartments/tx/austin/the-castilian","https://maps.googleapis.com/maps/api/place/photo?maxwidth=800&photo_reference=ATCDNfVpMkQ1sFV0b58VVmF3r4_UYtd0IOXSqnzeEeOt8jHtSr4aCVEDGMwA0i9V7lihAOfTAR0Vs8DOsNox6lPyrr96Dk_L-mOvunu-ae3w88AriLYPZYcbDlDrlyhh8zCzE4g4-thImo9i3XiBhnuNX7JF9sDtMznVS5EnMGHkyUqqGcwkKCzA8r-Mp0FMC5sQgjJAi901nzOqrxRKszTnCxrsBQZp6RYiCtdCZ9mlRjDX31IphpwgTiMZFSC5A94Fjg-78Qz56jgIgR8i641ocEHlgBQZGM3N45PTPX8zo--4sg&key=AIzaSyAHI7D8ecAP25OIrT6YBFUeWSUmNipuewM",4.3,561
"The Callaway House","505 W 22nd St, Austin, TX 78705, USA","https://www.americancampus.com/student-apartments/tx/austin/the-callaway-house-austin","https://maps.googleapis.com/maps/api/place/photo?maxwidth=800&photo_reference=ATCDNfWSC_3SVPAatu-jPFAcUZdOInYgHeT3Aq92wMWMjl0bELJZEogx9OGuKPqT4zqcHFZhtsBZYfe7S7FHOJIYT__BCB20iD67IX42eoEydXOitLc8UX1NDdpidS5ohokKw4Rn4tpoEip70S2GGv0aF5W9QyRv2WqSXqjdi_ONBIiBjp4s50U892hxJOTzkBGNwviQb-iNbhEHz2gwEhYfYBknuPYl7uYCW0nJCG4U6i-nMKYuQpRdZ1iW_aM1WaZlsYxeE2Ue8Xq6R2tR_LQmKL60mWwRStGEBDpJ6MGX143lEQ&key=AIzaSyAHI7D8ecAP25OIrT6YBFUeWSUmNipuewM",4.6,354
"The Quarters","2222 Rio Grande St D200, Austin, TX 78705, USA","https://www.quartersoncampus.com/?switch_cls[id]=74341&utm_source=google%20-%20entrataseo&utm_medium=organic&utm_campaign=gmb&utm_content=website%20click","https://maps.googleapis.com/maps/api/place/photo?maxwidth=800&photo_reference=ATCDNfU450oJb6WxGJGTEYRO5kFkKGF2BDI81hudkVDYlAJxD2QS6ceem7Rx7uimbDcN_LlEaMxFGSx8aJIpFWe6rh_-WU3waH6AoGqWLW3x5pnvXlmfNukSev8shF-YYShq1tQbRQNBLj4PRr8W2e9IUO_10-FlvopbWc86DP9WajJCQ-jkAvXL4WFf3yLMM5KXcFI0CknkKeCmG58G8CZBdTZUPxLz5Os0UjDoTsxq2hiso4mXMKijNpMU9Y8pONHKimPnma0_Te2ZohJja_65_jehsfNsA6DTw-6lAqD-R_WG7g&key=AIzaSyAHI7D8ecAP25OIrT6YBFUeWSUmNipuewM",2.9,178
"Waterloo","2400 Seton Ave, Austin, TX 78705, USA","https://yugo.com/en-us/global/united-states-of-america/austin-tx/yugo-austin-waterloo?utm_source=product&utm_medium=list&utm_id=GMB","https://maps.googleapis.com/maps/api/place/photo?maxwidth=800&photo_reference=ATCDNfWLqd0UCxs_Y3aTKv6TAlE2daGATFtUzmSPzMwhw41jK3ZRvgw-yMMbegR9xrMkz0sNCtoTPvzmlm5uM8t5Vd2M6x7ObUNVG6w_xPOxtlSDCp8e4dj0L0phI9xNEw3WwlClQewbGmW4GF_KrNlQHDHHqawXR7LTyDR0o6sLhvonVN5fly6l5_QvRkWlTkqBfGUo2f8rbfhuHKO4PWknFz8u_9dYcNxx7K1OuLG7WnxUydLSq97JxNOw2d7W5ws8Man5a9wwfSQieefYXq1T0YN8qm1Tz6c7r0irqwiOlvv_Lw&key=AIzaSyAHI7D8ecAP25OIrT6YBFUeWSUmNipuewM",3.1,227
"Point on 24th","701 W 24th St, Austin, TX 78705, USA","https://www.unionon24th.com/?switch_cls[id]=67805&utm_source=gmb&utm_medium=organic","https://maps.googleapis.com/maps/api/place/photo?maxwidth=800&photo_reference=ATCDNfW5R2gA6oamvfyJGIsmufR4tzO7h01rZza25RLrh2XlauNl5a2B1Q0f5DWg160Wafld4sbMqVXgcH34BsDxZc8wkkILHzMVEJlBUc-swQuAAfSK19pGhXcoBU4yrdIFlrqbTQcs4nvXdR98fJvnf9Vn5nJHH_n6DrfebXW4JshnNYaejXtLbl5PlMjMT6-hhXIJuq49Q24qY89RUBZwj9rgF9W5L4Kc9NgUqw--YWq-fyXYTT90234HeQG-gYvakMiCrwzFvFhpJ7FH22uGlcId66zDEq8EmqR5S2dahUfxVg&key=AIzaSyAHI7D8ecAP25OIrT6YBFUeWSUmNipuewM",4.6,368
"The Nine","2518 Leon St, Austin, TX 78705, USA","https://theninewestcampus.com/?utm_source=GoogleMyBusiness&utm_medium=organic&utm_campaign=GMB","https://maps.googleapis.com/maps/api/place/photo?maxwidth=800&photo_reference=ATCDNfVLwaI-b37yr16HAzV218sQ6DuavSppq4SKSXakSJGUYvq99HnzvCtLcazQWUpQNSZ80yOP3n7CQrvzfPvPhO7nEmwtgrWowPRwcS83PwhJfJaCvjSALo8m75CC2nBy2bicgM_pNRK6xdwROLg0NVY2jnzyATa8MAv2vAevRAeoMdn4leOjvhOj4AthV6Qs2WPIH5stzNBRhMJoRedt8QA-pLQtRNJrEFEAy4GeJxJSuuOtIXsqHvwQif_5qigwXHxBOs05wsN4x0QLDnm0ae3ooE47ASVvAFdSA7KhJ0-MkQ&key=AIzaSyAHI7D8ecAP25OIrT6YBFUeWSUmNipuewM",3.8,202
"Inspire on 22nd","2200 Nueces St, Austin, TX 78705, USA","https://www.inspire22nd.com/?utm_source=google&utm_medium=gbp","https://maps.googleapis.com/maps/api/place/photo?maxwidth=800&photo_reference=ATCDNfUYzrwoO9fZ03PKI5S56JjJ-fpRUeDthlD8rAwUdUvf5z92I4K1X7K2rDBdeP1IJQU3V-v83h7KBl9_c2jvm65P9kKS8TseRNkseRwr6mHEqiMRCjdYd24lWeS68yTvplDEaT4oiCGYXb4inKiI49N24bPSR-ceUOTLMgYX8hLf2JGY1RtkhSQ6fKbOJ5xDhrI5MJU1jdstgEcVAQ31CZlwZfEyvBysqJtQrqZL4k3qVCb5AYtwmfIt4U308I4QaLf-s2BwuAGMlPM_Fiv1jexrQI3HhLB7IiJLkno7vZg0WQ&key=AIzaSyAHI7D8ecAP25OIrT6YBFUeWSUmNipuewM",4.6,166
"Ion Austin","2100 San Antonio St, Austin, TX 78705, USA","https://ion-austin.com/","https://maps.googleapis.com/maps/api/place/photo?maxwidth=800&photo_reference=ATCDNfXEspu7uClS2-HYSVSt6oY5wqff797PX-lLhuTx1ABCfmDNJUkFXG9qapjQBbM_yV2RUKHPkfJro63-0qIrsKqhUcZD9v_EZkurm6kW3bDNtJF4dXhUCsP2XC_VSGb-4fx3tPuYY5H-iTNYI9teBl0y-lJ3-fWJmc0R7KCfGlvEGJqCugRFOslIL87MAgjhGqlrW5zrmDzws7bvs8MG9gmhlZ0niCvrxtL8VLt9COKLazQxbSDW--tpKMQw1iaEC9U-MCOJBxWhwV9gd0mctBjLJLV0WnngqcIogdllJIuh2Q&key=AIzaSyAHI7D8ecAP25OIrT6YBFUeWSUmNipuewM",3.2,187
"Skyloft","507 W 23rd St, Austin, TX 78705, USA","https://www.skyloftatx.com/?utm_source=obl&utm_medium=organic","https://maps.googleapis.com/maps/api/place/photo?maxwidth=800&photo_reference=ATCDNfV91k_ijnYq5_3mC5I56ak1uEffIiNRhAd5XmuKq1QlKR5Ss8pU-7CCRrdZyyG2tlDZQjA1e6HCkiNoJ0cBa4gMAbhk_jLs0websG9kJyaWR-nClMGwZZY5VZ5edt1N10sWBhCjyO55GkLQkiztamfx5Mj41AJcWu_F64zXSd8xZLhnKJa1D1Kz04fmdl8BQYSsXwueBqGQxkfby9pNbVgWc0VNxj3i5VgeOlQ0GOAy4I11sHfozfb52nPoaPGLB82nzaRPEKG4GwhQa1qS_EN0QMCAwoVjwKKmbRflrtkOv983dAXBA7susrqdb1HRNASHdOZ9QdPpfaKod-h3OHhKZHrGsVVfK5G3g8GTM3NOuzGn6OmfuhfYWBlOsuvcm3sYhjuFgUvdLffbw5s0n2kVhX6qZ2lgN_d-R9LHD8eWYZX0&key=AIzaSyAHI7D8ecAP25OIrT6YBFUeWSUmNipuewM",3.7,383
"Legacy on Rio","2614 Rio Grande St, Austin, TX 78705, USA","https://legacyonrio.com/?utm_source=GoogleMyBusiness&utm_medium=organic&utm_campaign=GMB","https://maps.googleapis.com/maps/api/place/photo?maxwidth=800&photo_reference=ATCDNfXQUzbj3kbicnpUcZThjwmV9wDhzdkvKvBLv2BYA16_0DGRbiJbV_w9rdVzS2WBv012f57qoQPZ0dSWaQrfd2We7ownWkJRSif6G4dyu6n5Vgte0ADller_n7mbSbX6oPfO3IjOEfAoWJIfvAgN0-q4PxupZYl9rUtCC0boJ73qs9EIHC_YKnOOosW18cPmUUoHsFcxEFcG-ekSczaBcBNU8naSVQ9S3UOUYOxL2ugKGgQfCB8m1GwDk7x549slFqu1fDKo19_DnKTLZkaFNO1FBsOrNDEjBsOVCT321Mc0cg&key=AIzaSyAHI7D8ecAP25OIrT6YBFUeWSUmNipuewM",4.1,288
"The Mark","812 W 23rd St, Austin, TX 78705, USA","https://www.themarkatx.com/?utm_source=GoogleMyBusiness&utm_medium=organic&utm_campaign=GMB","https://maps.googleapis.com/maps/api/place/photo?maxwidth=800&photo_reference=ATCDNfXxOZ5LXcWkGFP5o59QltnJ1hfp29xSh-veHUc2Nb2MOqT2ViENF95bK7ydnN7o2mO0L4nCbMg8gxp_e4DOWih8Vub57e7fqCheqCUKS88AkpyGptpBck216TcnhQolyxNZaeIFefyQ-TQmLbI9y-WOowd5DHzErqGgIujutdBvOqrDorwMIA6DA61HL5A80A6RCHRiivN2kd3qk8nU4HvV3o4OM81EjIDN6inOok24oIHfWs5lfQpY_X4xGr5oXNpcXymA4tFQ3sC912I_Hvf-J8olfAqWZMVaRhFsQDNgcg&key=AIzaSyAHI7D8ecAP25OIrT6YBFUeWSUmNipuewM",4.4,229
"GrandMarc","510 W 26th St, Austin, TX 78705, USA","https://www.grandmarcaustin.com/?utm_source=gmb&utm_medium=organic&utm_campaign=gmb_listing&hyly_channel=pr&hyly_method=w","https://maps.googleapis.com/maps/api/place/photo?maxwidth=800&photo_reference=ATCDNfWBJn0-bQaijQ-Sq-0TSJt4OmXQTEB0MibNA8BaxbmJ95oeMMHsn8kQrd_Wyx2XMxK7Labs3xU-a2pEXdcGi43bi3EMR0tjgY9hRclW5TS3q21Qe_bWVgxof5JVz7WspdbexGdhOrzXwMdwbroJZS0r-AkBE-knl5SFhEyjfNV-X_LYbqO54bEwDIndbSJtGf81DL8bzoIZha8-x8h8Yw6mCJuYmtnC4G6fFtrxnliMKxhwAJ0srm5wG9k3eO20KpDyuR5PCgrEZ8WSjj0JtKQfM67vf_1Q9xqxLeRjiIdl2w&key=AIzaSyAHI7D8ecAP25OIrT6YBFUeWSUmNipuewM",3.9,132
"Noble 2500","2500 San Gabriel St, Austin, TX 78705, USA","https://www.noble2500.com/","https://maps.googleapis.com/maps/api/place/photo?maxwidth=800&photo_reference=ATCDNfVuDDK81szKRTNoawQimEhYVmGDz2DKsg4_70UYbYG0vuoDkTNjEU8l-9nq_j9PqLs6ffFlmChdIbP3_1_x_wXZMF3slUIEfx0-DUm1mJ4mrDcbVtmgzI6-OvAfJOE8O_GpSavwqJWLwYb1xGPNsk8ZQ-9Cx4yshn_ygInBjPmDoxFJh41-LT7bDRJ_Vfv6RAnb04nnoEo_C0_Ww2EbW0wUyxM_wsomMQTEH3NbZIXGgrzD-xDaNMj2QIToa5YMApk9aqpicvDhRQcA8ry22uNJWXOEgyAs7iXMkb20fgW8Tg&key=AIzaSyAHI7D8ecAP25OIrT6YBFUeWSUmNipuewM",4,214
"The Ruckus","2502 Nueces St, Austin, TX 78705, USA","https://yugo.com/en-us/global/united-states-of-america/austin-tx/yugo-austin-nueces-?utm_source=googlemaps&utm_medium=organic","https://maps.googleapis.com/maps/api/place/photo?maxwidth=800&photo_reference=ATCDNfWSgLALPMPdtX8Q9JcCcnQYf6NNlzWx8NNrDafIfdDiQURM4tE8mRwfAV1ckZTZdZ8bQd1Qvhkyglw0CKUSloPhB4JDU-rkK7ysLHEimrqscGtfZRu9nziPSZoybIJNwbIgjv3TjChAINgmSHp4jOtVzxnAv4nFumNJx3pbX9IegC_OlJw7jC-a5TDpzr24XECxu4gsbrSwd-nJ8AG6KiW3j1LHimXR7_R5e_1tVHDaC9exGgXObfuUegr1LsDrYf1i_e5DqyzDeq4SJ2B_764Sf7JRTh1DjaSWsUbTuzLniA&key=AIzaSyAHI7D8ecAP25OIrT6YBFUeWSUmNipuewM",4.6,82
"Ruckus 2.0","620 W 24th St, Austin, TX 78705, USA","https://yugo.com/en-us/global/united-states-of-america/austin-tx/yugo-austin-rio?utm_source=product&utm_medium=list&utm_id=GMB","https://maps.googleapis.com/maps/api/place/photo?maxwidth=800&photo_reference=ATCDNfVLPEO_helCMM-n70K88XM1-B5w5ucxYsZwW0ZlINYSWRbV0RqXcMAMZSHcLV7jKmvj1b1TdpVYGPZBP1cp_xsy5Y0czGnYh4daaD2_BsbeqOAc8I5DQisZWMHye94CTij81dkdZ7vGY-1eqdC4-EcB4JON_1hXO-f3S_KGhDX5UriD8cdMfbyzToAax-OrbSq1cuoIdoaisJK_phsPoHhSg2grqWuZ0PqWZTv1jj8wiROIslbQrNnNvG-4UGqzq4MOyCepb9s0imJIQn1M_qCaDw96qtqWyywbZMckMtwZ9Q&key=AIzaSyAHI7D8ecAP25OIrT6YBFUeWSUmNipuewM",4.4,114
"Villas on Guadalupe","2810 Hemphill Park, Austin, TX 78705, USA","https://www.villasonguadalupe.com/?switch_cls[id]=68820","https://maps.googleapis.com/maps/api/place/photo?maxwidth=800&photo_reference=ATCDNfUWTgO8VsmMPWK---o1EaDz_0KJEfq1BixOWNLRhml0SusXYORe48JaR6Y-DdTjkqXs_IPGGcazgVilhRxhbFoP0x3hIONMu7zOT9GdaMpoRKP5foSnU4xzoTIPNXLHKtpGp6i7kxnIY8j-sylNsqeib-SiAB2EeWgYuXy9mlRjkVh8GXEvGKWhkC2gjHYlgG4MrtKIJ4CfIjaAWWmHjFK309IopCMXg17EufWN3HT1kuMje8Z_mNWlOJQyx-KiB7BoQJaa17M_oNS_47HoRQE2WFgAo0I4OwwYlbLEtg7dOw&key=AIzaSyAHI7D8ecAP25OIrT6YBFUeWSUmNipuewM",3.3,219
"Villas on 24th","2313 Rio Grande St, Austin, TX 78705, USA","https://www.villason24th.com/?utm_source=GoogleMyBusiness&utm_medium=organic&utm_campaign=GMB&switch_cls[id]=66734","https://maps.googleapis.com/maps/api/place/photo?maxwidth=800&photo_reference=ATCDNfWbWpO3VsgFrZuOpZXVIvU3mhfen0iVfagjGs3LJpZAYxpBXHkDmv_-1RuSlYWY-QMvwIueJKs9KdpprIbbbYnE48Xmjqwq9SorTc-eZF-2oeQSEZ9cfu2S1hS9oWd0sTpuC_30KR_voWk7X7CSuzFjEwktUDYYdMdXFh3mg2XaIaq07Q1jDXsQl-Dli5OvdUkEc2PiKqqB9t1wwRE0AuAaXYqfh9TGkB9EErWWzLZ5ewPWS9do2N1GuAi_sJTrEGFlFP1D95dhRiSMj7jGXi4HW8gKnytGjEDvnHS9To_Otg&key=AIzaSyAHI7D8ecAP25OIrT6YBFUeWSUmNipuewM",3.4,19
"Yugo Austin Rio","620 W 24th St, Austin, TX 78705, USA","https://yugo.com/en-us/global/united-states-of-america/austin-tx/yugo-austin-rio?utm_source=product&utm_medium=list&utm_id=GMB","https://maps.googleapis.com/maps/api/place/photo?maxwidth=800&photo_reference=ATCDNfUYfDto-C2PE6jPys-fSUUDdM4Kv-g_4cDPZTaXBlZaMaBE5k6VKS54fDRsUG4J7JbbZYuUKIdrMIdGlYObUcggn1EiMY45MN7aZQ_CiRAgjtTNzcqGJH4QoraLtOUtElQtn1e_eI6TEj_XVl5vWvjfnret4GliUFS497807jnN6dPKaoVSGvBH6W3mHpYUoJNHh5rX8FgslIaxJbRa4Qj9IRgUWUidGbOVRoOJL_PrbtIIlsZ_l1eGMI9faIrwb9pDsbEESgaiJ0ZH2I6expX_9vMdMYGK3o842yL-SCXN7g&key=AIzaSyAHI7D8ecAP25OIrT6YBFUeWSUmNipuewM",4.4,114
"Axis West Campus","2505 Longview St, Austin, TX 78705, USA","https://www.axiswestcampus.com/?switch_cls[id]=68820","https://maps.googleapis.com/maps/api/place/photo?maxwidth=800&photo_reference=ATCDNfW9ykwp9HTOg1ZY9IM4DPunYIabSUi9pqKexKMf8P_CFXpTZ_LU6KprnkCWBs7Q1n22KWEvX0LLKhcHpfv6pCaWNudiyM9lsnOrfgFbRFztEZPqRN8mZ1F3sxmtLVyLAji3gdYHg1LgzOgfht7yqPv07Is392Bpvidrgyvj6fRkQdm6BkjmJQd3u9ztiHu2qEUWO4cG1Bd-Q-udyovWzp5vNLI_hihJSew1eTB1_sqnBlfGdI1kO1BgEtj6X7xy3v29D_ngJUkgdEwLl0WbmDVmbpz35ofjJBGd5ooQ7ZWEEg&key=AIzaSyAHI7D8ecAP25OIrT6YBFUeWSUmNipuewM",3.5,169
"The Block","2501 Pearl St, Austin, TX 78705, USA","https://www.americancampus.com/student-apartments/tx/austin/the-block","https://maps.googleapis.com/maps/api/place/photo?maxwidth=800&photo_reference=ATCDNfU3QWG4sEAeE75_ht1BngZdih3BpMzNZ8NZLED8U_KvdngexuJzWWNSHJDl04Txx_7X_BBPMeUNH08gn3PDSNPruAf4D_8dc5-A97mcMlYF6CQ3DeQiPnS9onLHvqQcJeDTycT1-cpsPg9LcsIIKSaf5D2xyAfIEnW99AIeUA_T9xkZwOiJSC89RL9nE_H04VzDSsTXGzzAHkMOaquxUMHfd_9S_DyfAeYgnrrapcFSzV7bZec80I2y5Pqn2U48wWX-KTFmamjJ5JRTF_Dkaeqsz7u28pccvXJdmAPdx_F8aw&key=AIzaSyAHI7D8ecAP25OIrT6YBFUeWSUmNipuewM",3.9,695
"Rio West","2704 Rio Grande St, Austin, TX 78705, USA","https://www.sparqonrio.com/?switch_cls[id]=65899&utm_source=Google&utm_medium=organic&utm_campaign=GMB&utm_content=website+clicks","https://maps.googleapis.com/maps/api/place/photo?maxwidth=800&photo_reference=ATCDNfWF04s3THglxQObikN3J4HUWYalifGrEg_6tLOYBZftLS1he8-tVrF3hRoa6_WtYNCylx6QplbPb7yIrGxWmgj5RFzt06OmDiHGJN8yFDkpDsIvxJOk2cm8dhnNPuYKTvOAS2yOP0feAzXrFlzWJ5koA9Tsvh4AOYUcF_Qjfr_m1M1vGqIlDnaJm00layZHmP4wzcsOviiNSG4lF9MEuDQvUge7KrsKBCHp_K0AxWscbxpHII4qLdhaTyE1-Y3kct879t_qfaYuLwgHJq1WRkW-DMXUHJ3vCdLFraLRTLRxAA&key=AIzaSyAHI7D8ecAP25OIrT6YBFUeWSUmNipuewM",3.8,254
"21 Pearl","911 W 21st St, Austin, TX 78705, USA","https://www.21pearlst.com/?switch_cls[id]=68820","https://maps.googleapis.com/maps/api/place/photo?maxwidth=800&photo_reference=ATCDNfXvnmkMS2VhhzkGBtvHtlGZMYMOWgkUg6ep_2Qp4OYFPyV2l8-hlAJOo9IOZ3P1xtIkdgLcEp8VXMYzg7vlfb_IJipPZRg9sbWM3S29cg88FlachfYEgtm8ilA2gerUiBChuLYh67bWbxwJmkSb2rKTaKZ2Nhd-fLIOOKTcL8kGTrVtPeHAVxpbDtNxrR245AegUsLR2GG9q-3JJJvzeZ13N-VHhINQUKvCxU1PGVpqchbX1-fy6QFDhlKQ6IbeXzKYOtCT3rLP40ZbfsSnfkOMEORu85RSsVmD_FxI7Ys&key=AIzaSyAHI7D8ecAP25OIrT6YBFUeWSUmNipuewM",3.6,151
